{
	"class_name" : "PinholeCameraParameters",
	"extrinsic" : 
	[
		0.99739321743468523,
		-0.0045133270890797914,
		0.072016662612715929,
		0.0,
		-0.071569144290415235,
		-0.18911473802585901,
		0.97934338893308948,
		0.0,
		0.0091993152367175306,
		-0.98194462457920595,
		-0.18894477198159743,
		0.0,
		0.019800021471506338,
		0.043871877589205154,
		-0.15022518106774627,
		1.0
	],
	"intrinsic" : 
	{
		"height" : 300,
		"intrinsic_matrix" : 
		[
			259.8076211353316,
			0.0,
			0.0,
			0.0,
			259.8076211353316,
			0.0,
			199.5,
			149.5,
			1.0
		],
		"width" : 400
	},
	"version_major" : 1,
	"version_minor" : 0
}